1,yamada@xxx.co.jp,{bcrypt}$2a$10$jr3A85H3Pm.RrMEK7nagx.G/OE3hwOnM75vLvAIGobTtaI9nDlWzm,山田太郎,1990-01-01,28,0,ROLE_ADMIN
2,tamura@xxx.co.jp,{bcrypt}$2a$10$jr3A85H3Pm.RrMEK7nagx.G/OE3hwOnM75vLvAIGobTtaI9nDlWzm,田村達也,1986-11-05,31,0,ROLE_GENERAL
28,yamada@xxx.co.jp,{bcrypt}$2a$10$jr3A85H3Pm.RrMEK7nagx.G/OE3hwOnM75vLvAIGobTtaI9nDlWzm,山田太郎,1990-01-01,28,0,ROLE_ADMIN
29,tamura@xxx.co.jp,{bcrypt}$2a$10$Q91dyVbGxJeqnUxGVMUBguJGrqNqX7/0xKYZdrGznkp63XgObDdFi,田村達也,1986-11-05,31,0,ROLE_GENERAL
30,yamada@xxx.co.jp,{bcrypt}$2a$10$jr3A85H3Pm.RrMEK7nagx.G/OE3hwOnM75vLvAIGobTtaI9nDlWzm,山田太郎,1990-01-01,28,0,ROLE_ADMIN
31,tamura@xxx.co.jp,{bcrypt}$2a$10$jr3A85H3Pm.RrMEK7nagx.G/OE3hwOnM75vLvAIGobTtaI9nDlWzm,田村達也,1986-11-05,31,0,ROLE_GENERAL
32,yamada@xxx.co.jp,{bcrypt}$2a$10$jr3A85H3Pm.RrMEK7nagx.G/OE3hwOnM75vLvAIGobTtaI9nDlWzm,山田太郎,1990-01-01,28,0,ROLE_ADMIN
33,tamura@xxx.co.jp,{bcrypt}$2a$10$jr3A85H3Pm.RrMEK7nagx.G/OE3hwOnM75vLvAIGobTtaI9nDlWzm,田村達也,1986-11-05,31,0,ROLE_GENERAL
34,yamada@xxx.co.jp,{bcrypt}$2a$10$jr3A85H3Pm.RrMEK7nagx.G/OE3hwOnM75vLvAIGobTtaI9nDlWzm,山田太郎,1990-01-01,28,0,ROLE_ADMIN
35,tamura@xxx.co.jp,{bcrypt}$2a$10$jr3A85H3Pm.RrMEK7nagx.G/OE3hwOnM75vLvAIGobTtaI9nDlWzm,田村達也,1986-11-05,31,0,ROLE_GENERAL
36,yamada@xxx.co.jp,{bcrypt}$2a$10$jr3A85H3Pm.RrMEK7nagx.G/OE3hwOnM75vLvAIGobTtaI9nDlWzm,山田太郎,1990-01-01,28,0,ROLE_ADMIN
37,tamura@xxx.co.jp,{bcrypt}$2a$10$jr3A85H3Pm.RrMEK7nagx.G/OE3hwOnM75vLvAIGobTtaI9nDlWzm,田村達也,1986-11-05,31,0,ROLE_GENERAL
38,yamada@xxx.co.jp,{bcrypt}$2a$10$jr3A85H3Pm.RrMEK7nagx.G/OE3hwOnM75vLvAIGobTtaI9nDlWzm,山田太郎,1990-01-01,28,0,ROLE_ADMIN
39,tamura@xxx.co.jp,{bcrypt}$2a$10$jr3A85H3Pm.RrMEK7nagx.G/OE3hwOnM75vLvAIGobTtaI9nDlWzm,田村達也,1986-11-05,31,0,ROLE_GENERAL
40,yamada@xxx.co.jp,{bcrypt}$2a$10$jr3A85H3Pm.RrMEK7nagx.G/OE3hwOnM75vLvAIGobTtaI9nDlWzm,山田太郎,1990-01-01,28,0,ROLE_ADMIN
41,tamura@xxx.co.jp,{bcrypt}$2a$10$jr3A85H3Pm.RrMEK7nagx.G/OE3hwOnM75vLvAIGobTtaI9nDlWzm,田村達也,1986-11-05,31,0,ROLE_GENERAL
42,yamada@xxx.co.jp,{bcrypt}$2a$10$jr3A85H3Pm.RrMEK7nagx.G/OE3hwOnM75vLvAIGobTtaI9nDlWzm,山田太郎,1990-01-01,28,0,ROLE_ADMIN
43,tamura@xxx.co.jp,{bcrypt}$2a$10$jr3A85H3Pm.RrMEK7nagx.G/OE3hwOnM75vLvAIGobTtaI9nDlWzm,田村達也,1986-11-05,31,0,ROLE_GENERAL
44,yamada@xxx.co.jp,{bcrypt}$2a$10$jr3A85H3Pm.RrMEK7nagx.G/OE3hwOnM75vLvAIGobTtaI9nDlWzm,山田太郎,1990-01-01,28,0,ROLE_ADMIN
45,tamura@xxx.co.jp,{bcrypt}$2a$10$jr3A85H3Pm.RrMEK7nagx.G/OE3hwOnM75vLvAIGobTtaI9nDlWzm,田村達也,1986-11-05,31,0,ROLE_GENERAL
46,yamada@xxx.co.jp,{bcrypt}$2a$10$jr3A85H3Pm.RrMEK7nagx.G/OE3hwOnM75vLvAIGobTtaI9nDlWzm,山田太郎,1990-01-01,28,0,ROLE_ADMIN
47,tamura@xxx.co.jp,{bcrypt}$2a$10$jr3A85H3Pm.RrMEK7nagx.G/OE3hwOnM75vLvAIGobTtaI9nDlWzm,田村達也,1986-11-05,31,0,ROLE_GENERAL
48,yamada@xxx.co.jp,{bcrypt}$2a$10$jr3A85H3Pm.RrMEK7nagx.G/OE3hwOnM75vLvAIGobTtaI9nDlWzm,山田太郎,1990-01-01,28,0,ROLE_ADMIN
49,tamura@xxx.co.jp,{bcrypt}$2a$10$jr3A85H3Pm.RrMEK7nagx.G/OE3hwOnM75vLvAIGobTtaI9nDlWzm,田村達也,1986-11-05,31,0,ROLE_GENERAL
50,yamada@xxx.co.jp,{bcrypt}$2a$10$jr3A85H3Pm.RrMEK7nagx.G/OE3hwOnM75vLvAIGobTtaI9nDlWzm,山田太郎,1990-01-01,28,0,ROLE_ADMIN
51,tamura@xxx.co.jp,{bcrypt}$2a$10$jr3A85H3Pm.RrMEK7nagx.G/OE3hwOnM75vLvAIGobTtaI9nDlWzm,田村達也,1986-11-05,31,0,ROLE_GENERAL
52,yamada@xxx.co.jp,{bcrypt}$2a$10$jr3A85H3Pm.RrMEK7nagx.G/OE3hwOnM75vLvAIGobTtaI9nDlWzm,山田太郎,1990-01-01,28,0,ROLE_ADMIN
53,tamura@xxx.co.jp,{bcrypt}$2a$10$jr3A85H3Pm.RrMEK7nagx.G/OE3hwOnM75vLvAIGobTtaI9nDlWzm,田村達也,1986-11-05,31,0,ROLE_GENERAL
54,yamada@xxx.co.jp,{bcrypt}$2a$10$jr3A85H3Pm.RrMEK7nagx.G/OE3hwOnM75vLvAIGobTtaI9nDlWzm,山田太郎,1990-01-01,28,0,ROLE_ADMIN
55,tamura@xxx.co.jp,{bcrypt}$2a$10$jr3A85H3Pm.RrMEK7nagx.G/OE3hwOnM75vLvAIGobTtaI9nDlWzm,田村達也,1986-11-05,31,0,ROLE_GENERAL
56,yamada@xxx.co.jp,{bcrypt}$2a$10$jr3A85H3Pm.RrMEK7nagx.G/OE3hwOnM75vLvAIGobTtaI9nDlWzm,山田太郎,1990-01-01,28,0,ROLE_ADMIN
57,tamura@xxx.co.jp,{bcrypt}$2a$10$jr3A85H3Pm.RrMEK7nagx.G/OE3hwOnM75vLvAIGobTtaI9nDlWzm,田村達也,1986-11-05,31,0,ROLE_GENERAL
58,yamada@xxx.co.jp,{bcrypt}$2a$10$jr3A85H3Pm.RrMEK7nagx.G/OE3hwOnM75vLvAIGobTtaI9nDlWzm,山田太郎,1990-01-01,28,0,ROLE_ADMIN
59,tamura@xxx.co.jp,{bcrypt}$2a$10$jr3A85H3Pm.RrMEK7nagx.G/OE3hwOnM75vLvAIGobTtaI9nDlWzm,田村達也,1986-11-05,31,0,ROLE_GENERAL
60,yamada@xxx.co.jp,{bcrypt}$2a$10$jr3A85H3Pm.RrMEK7nagx.G/OE3hwOnM75vLvAIGobTtaI9nDlWzm,山田太郎,1990-01-01,28,0,ROLE_ADMIN
61,tamura@xxx.co.jp,{bcrypt}$2a$10$jr3A85H3Pm.RrMEK7nagx.G/OE3hwOnM75vLvAIGobTtaI9nDlWzm,田村達也,1986-11-05,31,0,ROLE_GENERAL
62,yamada@xxx.co.jp,{bcrypt}$2a$10$jr3A85H3Pm.RrMEK7nagx.G/OE3hwOnM75vLvAIGobTtaI9nDlWzm,山田太郎,1990-01-01,28,0,ROLE_ADMIN
63,tamura@xxx.co.jp,{bcrypt}$2a$10$jr3A85H3Pm.RrMEK7nagx.G/OE3hwOnM75vLvAIGobTtaI9nDlWzm,田村達也,1986-11-05,31,0,ROLE_GENERAL
64,yamada@xxx.co.jp,{bcrypt}$2a$10$jr3A85H3Pm.RrMEK7nagx.G/OE3hwOnM75vLvAIGobTtaI9nDlWzm,山田太郎,1990-01-01,28,0,ROLE_ADMIN
65,tamura@xxx.co.jp,{bcrypt}$2a$10$jr3A85H3Pm.RrMEK7nagx.G/OE3hwOnM75vLvAIGobTtaI9nDlWzm,田村達也,1986-11-05,31,0,ROLE_GENERAL
66,yamada@xxx.co.jp,{bcrypt}$2a$10$jr3A85H3Pm.RrMEK7nagx.G/OE3hwOnM75vLvAIGobTtaI9nDlWzm,山田太郎,1990-01-01,28,0,ROLE_ADMIN
67,tamura@xxx.co.jp,{bcrypt}$2a$10$jr3A85H3Pm.RrMEK7nagx.G/OE3hwOnM75vLvAIGobTtaI9nDlWzm,田村達也,1986-11-05,31,0,ROLE_GENERAL
68,yamada@xxx.co.jp,{bcrypt}$2a$10$jr3A85H3Pm.RrMEK7nagx.G/OE3hwOnM75vLvAIGobTtaI9nDlWzm,山田太郎,1990-01-01,28,0,ROLE_ADMIN
69,tamura@xxx.co.jp,{bcrypt}$2a$10$jr3A85H3Pm.RrMEK7nagx.G/OE3hwOnM75vLvAIGobTtaI9nDlWzm,田村達也,1986-11-05,31,0,ROLE_GENERAL
70,yamada@xxx.co.jp,{bcrypt}$2a$10$jr3A85H3Pm.RrMEK7nagx.G/OE3hwOnM75vLvAIGobTtaI9nDlWzm,山田太郎,1990-01-01,28,0,ROLE_ADMIN
71,tamura@xxx.co.jp,{bcrypt}$2a$10$jr3A85H3Pm.RrMEK7nagx.G/OE3hwOnM75vLvAIGobTtaI9nDlWzm,田村達也,1986-11-05,31,0,ROLE_GENERAL
72,yamada@xxx.co.jp,{bcrypt}$2a$10$jr3A85H3Pm.RrMEK7nagx.G/OE3hwOnM75vLvAIGobTtaI9nDlWzm,山田太郎,1990-01-01,28,0,ROLE_ADMIN
73,tamura@xxx.co.jp,{bcrypt}$2a$10$jr3A85H3Pm.RrMEK7nagx.G/OE3hwOnM75vLvAIGobTtaI9nDlWzm,田村達也,1986-11-05,31,0,ROLE_GENERAL
74,yamada@xxx.co.jp,{bcrypt}$2a$10$jr3A85H3Pm.RrMEK7nagx.G/OE3hwOnM75vLvAIGobTtaI9nDlWzm,山田太郎,1990-01-01,28,0,ROLE_ADMIN
75,tamura@xxx.co.jp,{bcrypt}$2a$10$jr3A85H3Pm.RrMEK7nagx.G/OE3hwOnM75vLvAIGobTtaI9nDlWzm,田村達也,1986-11-05,31,0,ROLE_GENERAL
76,yamada@xxx.co.jp,{bcrypt}$2a$10$jr3A85H3Pm.RrMEK7nagx.G/OE3hwOnM75vLvAIGobTtaI9nDlWzm,山田太郎,1990-01-01,28,0,ROLE_ADMIN
77,tamura@xxx.co.jp,{bcrypt}$2a$10$jr3A85H3Pm.RrMEK7nagx.G/OE3hwOnM75vLvAIGobTtaI9nDlWzm,田村達也,1986-11-05,31,0,ROLE_GENERAL
78,yamada@xxx.co.jp,{bcrypt}$2a$10$jr3A85H3Pm.RrMEK7nagx.G/OE3hwOnM75vLvAIGobTtaI9nDlWzm,山田太郎,1990-01-01,28,0,ROLE_ADMIN
79,tamura@xxx.co.jp,{bcrypt}$2a$10$jr3A85H3Pm.RrMEK7nagx.G/OE3hwOnM75vLvAIGobTtaI9nDlWzm,田村達也,1986-11-05,31,0,ROLE_GENERAL
80,yamada@xxx.co.jp,{bcrypt}$2a$10$jr3A85H3Pm.RrMEK7nagx.G/OE3hwOnM75vLvAIGobTtaI9nDlWzm,山田太郎,1990-01-01,28,0,ROLE_ADMIN
81,tamura@xxx.co.jp,{bcrypt}$2a$10$jr3A85H3Pm.RrMEK7nagx.G/OE3hwOnM75vLvAIGobTtaI9nDlWzm,田村達也,1986-11-05,31,0,ROLE_GENERAL
82,yamada@xxx.co.jp,{bcrypt}$2a$10$jr3A85H3Pm.RrMEK7nagx.G/OE3hwOnM75vLvAIGobTtaI9nDlWzm,山田太郎,1990-01-01,28,0,ROLE_ADMIN
83,tamura@xxx.co.jp,{bcrypt}$2a$10$jr3A85H3Pm.RrMEK7nagx.G/OE3hwOnM75vLvAIGobTtaI9nDlWzm,田村達也,1986-11-05,31,0,ROLE_GENERAL
84,yamada@xxx.co.jp,{bcrypt}$2a$10$jr3A85H3Pm.RrMEK7nagx.G/OE3hwOnM75vLvAIGobTtaI9nDlWzm,山田太郎,1990-01-01,28,0,ROLE_ADMIN
85,tamura@xxx.co.jp,{bcrypt}$2a$10$jr3A85H3Pm.RrMEK7nagx.G/OE3hwOnM75vLvAIGobTtaI9nDlWzm,田村達也,1986-11-05,31,0,ROLE_GENERAL
86,yamada@xxx.co.jp,{bcrypt}$2a$10$jr3A85H3Pm.RrMEK7nagx.G/OE3hwOnM75vLvAIGobTtaI9nDlWzm,山田太郎,1990-01-01,28,0,ROLE_ADMIN
87,tamura@xxx.co.jp,{bcrypt}$2a$10$jr3A85H3Pm.RrMEK7nagx.G/OE3hwOnM75vLvAIGobTtaI9nDlWzm,田村達也,1986-11-05,31,0,ROLE_GENERAL
88,yamada@xxx.co.jp,{bcrypt}$2a$10$jr3A85H3Pm.RrMEK7nagx.G/OE3hwOnM75vLvAIGobTtaI9nDlWzm,山田太郎,1990-01-01,28,0,ROLE_ADMIN
89,tamura@xxx.co.jp,{bcrypt}$2a$10$jr3A85H3Pm.RrMEK7nagx.G/OE3hwOnM75vLvAIGobTtaI9nDlWzm,田村達也,1986-11-05,31,0,ROLE_GENERAL
90,yamada@xxx.co.jp,{bcrypt}$2a$10$jr3A85H3Pm.RrMEK7nagx.G/OE3hwOnM75vLvAIGobTtaI9nDlWzm,山田太郎,1990-01-01,28,0,ROLE_ADMIN
91,tamura@xxx.co.jp,{bcrypt}$2a$10$jr3A85H3Pm.RrMEK7nagx.G/OE3hwOnM75vLvAIGobTtaI9nDlWzm,田村達也,1986-11-05,31,0,ROLE_GENERAL
92,yamada@xxx.co.jp,{bcrypt}$2a$10$jr3A85H3Pm.RrMEK7nagx.G/OE3hwOnM75vLvAIGobTtaI9nDlWzm,山田太郎,1990-01-01,28,0,ROLE_ADMIN
93,tamura@xxx.co.jp,{bcrypt}$2a$10$jr3A85H3Pm.RrMEK7nagx.G/OE3hwOnM75vLvAIGobTtaI9nDlWzm,田村達也,1986-11-05,31,0,ROLE_GENERAL
94,yamada@xxx.co.jp,{bcrypt}$2a$10$jr3A85H3Pm.RrMEK7nagx.G/OE3hwOnM75vLvAIGobTtaI9nDlWzm,山田太郎,1990-01-01,28,0,ROLE_ADMIN
95,tamura@xxx.co.jp,{bcrypt}$2a$10$jr3A85H3Pm.RrMEK7nagx.G/OE3hwOnM75vLvAIGobTtaI9nDlWzm,田村達也,1986-11-05,31,0,ROLE_GENERAL
96,yamada@xxx.co.jp,{bcrypt}$2a$10$jr3A85H3Pm.RrMEK7nagx.G/OE3hwOnM75vLvAIGobTtaI9nDlWzm,山田太郎,1990-01-01,28,0,ROLE_ADMIN
97,tamura@xxx.co.jp,{bcrypt}$2a$10$jr3A85H3Pm.RrMEK7nagx.G/OE3hwOnM75vLvAIGobTtaI9nDlWzm,田村達也,1986-11-05,31,0,ROLE_GENERAL
98,yamada@xxx.co.jp,{bcrypt}$2a$10$jr3A85H3Pm.RrMEK7nagx.G/OE3hwOnM75vLvAIGobTtaI9nDlWzm,山田太郎,1990-01-01,28,0,ROLE_ADMIN
99,tamura@xxx.co.jp,{bcrypt}$2a$10$jr3A85H3Pm.RrMEK7nagx.G/OE3hwOnM75vLvAIGobTtaI9nDlWzm,田村達也,1986-11-05,31,0,ROLE_GENERAL
